media_id,url,name,pub_country,pub_state,language,about_country,media_type,public_notes,editor_notes,stories_per_day,first_story
"147903","http://247sports.com/","247sports.com","USA","","en","United States","digital_native","","","37.07","2018-06-25"
"39000","http://abcnews.go.com/","ABC News","USA","","en","United States","video_broadcast","","","144.0","2014-02-24"
"86303","http://www.accesshollywood.com/#spider","Access Hollywood","USA","","en","United States","digital_native","","","0.0","2016-08-08"
"67771","http://www.airforcetimes.com/#spider","AirforceTimes","USA","","en","United States","print_native","","","12.98","2017-08-07"
"56758","https://www.alternet.org/","Alternet","USA","","en","United States","digital_native","","","29.96","2015-04-20"
"623372","http://www.americaru.com/","America RU","USA","","ru","none","digital_native","","","0.0","2017-10-30"
"69320","http://americanfreepress.net/#spider","American Free Press","USA","","en","United States","print_native","","","1.03","2013-06-24"
"21919","http://spectator.org","American Spectator","USA","","en","United States","print_native","","","7.62","2012-04-30"
"681899","http://amp.freep.com/","amp.freep.com","","","","","","","","0.03","2017-09-11"
"324726","http://antena305.com/","antena305.com","USA","","es","United States","digital_native","","","0.98","2017-01-09"
"150985","http://news.aol.com/","AOL News","USA","","en","United States","digital_native","","","40.64","2017-02-27"
"208683","http://aol.sportingnews.com/","aol.sportingnews.com","USA","","en","United States","digital_native","","","23.22","2016-08-15"
"70420","http://www.armytimes.com/#spider","ArmyTimes","USA","","en","United States","print_native","","","14.43","2017-08-07"
"18351","http://arstechnica.com","arstechnica.com","USA","","en","United States","digital_native","","","11.0","2013-06-03"
"22916","http://www.ajc.com","Atlanta Journal-Constitution","USA","US-GA","en","United States","print_native","","","20.34","2018-09-03"
"1110","http://www.theatlantic.com/","Atlantic","USA","","en","United States","print_native","","","12.16","2015-09-07"
"125751","http://axcessnews.com/","AxcessNews ","USA","","en","United States","digital_native","","","0.03","2016-09-05"
"146969","http://axs.com/","axs.com","USA","","en","United States","digital_native","","","0.0","2012-12-10"
"25128","http://www.azcentral.com","AZCentral","USA","US-AZ","en","United States","digital_native","","","165.39","2015-09-14"
"34","http://www.baltimoresun.com/","Baltimore Sun","USA","US-MD","en","United States","print_native","","","72.87","2011-01-03"
"22041","http://www.benzinga.com","Benzinga","USA","","en","United States","digital_native","","","72.51","2016-08-15"
"19194","http://www.billboard.com","Billboard","USA","","en","United States","print_native","","","41.22","2014-07-21"
"20060","http://www.bizjournals.com","bizjournals.com","USA","","en","United States","digital_native","","","0.0","2012-11-05"
"22088","http://www.theblaze.com","Blaze","USA","","en","United States","digital_native","","","28.42","2013-06-03"
"24901","http://bleacherreport.com","Bleacher Report","USA","","en","United States","digital_native","","","208.49","2013-06-10"
"33038","http://blogs.barrons.com#spider","blogs.barrons.com","USA","","en","United States","print_native","","","5.94","2013-06-10"
"85390","http://blogs.indystar.com/#spider","blogs.indystar.com","USA","US-IN","en","United States","print_native","","","37.64","2017-11-27"
"77168","http://blogs.philly.com/#spider","blogs.philly.com","USA","US-PA","en","","print_native","","","0.0","2013-05-20"
"18839","http://blogs.wsj.com","blogs.wsj.com","USA","","en","United States","print_native","","","0.0","2014-01-06"
"40944","http://bloomberg.com","Bloomberg","USA","","en","United States","digital_native","","","151.52","2013-09-23"
"19334","http://www.breitbart.com","Breitbart","USA","","en","United States","digital_native","","","98.43","2014-04-07"
"623380","http://www.bulgariasega.com/","Bulgaria Sega","USA","","bg","United States","print_native","","","0.6","2013-05-27"
"18710","http://www.businessinsider.com","Business Insider","USA","","en","United States","digital_native","","","160.99","2013-06-10"
"5982","http://www.businessweek.com/","BusinessWeek.com","USA","","en","United States","print_native","","","35.76","2011-09-05"
"98755","http://www.bustle.com/#spider","Bustle","","","en","United States","","","","37.23","2017-11-20"
"6218","http://www.buzzfeed.com","Buzzfeed","USA","","en","none","digital_native","","","82.74","2014-02-10"
"1752","http://www.cbsnews.com/","CBS News","USA","US-NY","en","United States","video_broadcast","","","97.4","2015-06-15"
"25848","http://www.cbssports.com","cbssports.com","USA","","en","United States","video_broadcast","","","63.83","2013-11-04"
"9","http://www.chicagotribune.com/","Chicago Tribune","USA","US-IL","en","United States","print_native","","","114.11","2011-01-03"
"3","http://csmonitor.com","Christian Science Monitor","USA","US-MA","en","United States","print_native","","","9.97","2011-01-03"
"26590","http://cincinnati.com","cincinnati.com","USA","US-OH","en","United States","digital_native","","","48.31","2015-08-10"
"1641","http://www.cleveland.com/","cleveland.com","USA","US-OH","en","United States","digital_native","","","6.77","2011-01-03"
"111803","http://cn.nytimes.com/","cn.nytimes.com","USA","US-NY","zh","none","print_native","","","4.92","2017-12-04"
"1755","http://www.cnbc.com/","CNBC","USA","","en","United States","video_broadcast","","","169.22","2015-09-14"
"4415","http://cnet.com","CNET","USA","","en","United States","digital_native","this is a new public note about cnet","","105.83","2012-10-22"
"1095","http://www.cnn.com/","CNN","USA","US-GA","en","United States","video_broadcast","this is a public note about cnn","","174.24","2012-12-10"
"1102","http://money.cnn.com/","CNN Money","USA","","en","United States","print_native","","","0.0","2013-06-03"
"20088","http://us.cnn.com","CNN U.S. Edition","USA","","en","United States","video_broadcast","","","154.09","2018-03-19"
"20357","http://cnsnews.com","CNS News","USA","","en","United States","digital_native","","","3.18","2011-07-25"
"24581","http://colorlines.com","colorlines.com","USA","","en","United States","digital_native","","","0.32","2013-03-04"
"41","http://www.dispatch.com/","Columbus Dispatch","USA","US-OH","en","United States","print_native","","","102.23","2015-09-07"
"104377","http://www.contactomagazine.com","Contacto","USA","","es","California","print_native","","","0.0","2016-10-10"
"54346","https://theconversation.com/us","Conversation","USA","US-MA","en","none","digital_native","","","45.46","2016-06-13"
"25180","http://www.creators.com","creators.com","USA","","en","United States","other","","","0.16","2016-04-25"
"21038","http://www.c-span.org","CSPAN","USA","","en","United States","video_broadcast","","","4.09","2015-02-23"
"1707","http://www.thedailybeast.com/","Daily Beast","USA","","en","United States","digital_native","","","36.77","2012-04-30"
"18775","http://dailycaller.com","Daily Caller","USA","","en","United States","digital_native","","","85.02","2013-06-24"
"366828","http://dailydot.com/","Daily Dot ","USA","","en","United States","digital_native","","","16.94","2016-02-22"
"115","http://www.dailykos.com","Daily Kos","USA","","en","United States","digital_native","","","28.96","2012-09-24"
"105100","http://dailysignal.com/#spider","Daily Signal","USA","","en","United States","digital_native","","","9.31","2014-06-23"
"300241","http://www.dailysource.org/","Daily Source","USA","","en","none","digital_native","","","4.52","2017-10-30"
"12","http://www.dallasnews.com/","Dallas Morning News","USA","US-TX","en","United States","print_native","","","5.43","2012-04-23"
"22389","http://deadspin.com","Deadspin","USA","","en","United States","digital_native","","","6.47","2013-06-03"
"5856","http://www.eonline.com/","E! Online","USA","","en","United States","video_broadcast","","","48.06","2011-01-31"
"88260","http://eater.com/#spider","eater.com","","","en","United States","","","","3.87","2015-10-26"
"62552","http://elnuevodia.com/","El Nuevo Dia","PRI","","es","Puerto Rico","print_native","","","9.99","2017-10-02"
"70102","http://elitedaily.com/#spider","elitedaily.com","USA","","en","United States","digital_native","","","26.79","2015-10-12"
"41231","http://www.engadget.com/","engadget","","","en","United States","","","","24.44","2013-03-18"
"72605","http://www.ew.com","Entertainment Weekly","USA","","en","United States","print_native","","","1.26","2014-02-17"
"4451","http://espn.go.com/","ESPN","USA","","en","United States","video_broadcast","","","74.98","2013-05-27"
"25336","http://www.eurweb.com","eurweb","USA","","en","United States","digital_native","","","20.32","2014-05-26"
"798","http://factcheck.org/","FactCheck","USA","","en","United States","digital_native","","","1.73","2011-04-04"
"68916","http://cdn.fansided.com/#spider","Fansided","USA","","en","United States","digital_native","","","66.93","2017-08-14"
"19921","http://www.fark.com","fark.com","USA","","en","United States","digital_native","","","37.48","2016-08-15"
"5915","http://www.fivethirtyeight.com/","FiveThirtyEight","USA","","en","United States","digital_native","","","4.39","2015-11-02"
"1104","http://www.forbes.com/","Forbes","USA","","en","United States","print_native","","","296.03","2011-04-25"
"1105","http://fortune.com","Fortune ","USA","","en","United States","print_native","","","36.29","2015-05-11"
"1092","http://www.foxnews.com/","Fox News","USA","US-NY","en","United States","video_broadcast","","","203.82","2013-06-17"
"276739","https://www.foxsports.com/","Fox Sports","USA","","en","United States","video_broadcast","","","76.59","2016-08-15"
"366692","http://foxbusiness.com/","foxbusiness.com","USA","","en","United States","video_broadcast","","","0.0","2016-01-25"
"84582","http://fusion.net","Fusion","USA","","en","United States","digital_native","","","3.01","2014-12-15"
"5880","http://gawker.com","Gawker","USA","","en","United States","digital_native","","","0.11","2011-05-09"
"4436","http://gigaom.com","GigaOM","USA","US-TX","en","United States","digital_native","","","0.19","2011-08-01"
"4469","http://gizmodo.com","Gizmodo","USA","","en","United States","","","","27.32","2011-10-10"
"21990","http://www.globalpost.com","globalpost.com","USA","","en","none","digital_native","","","4.5","2013-06-03"
"366633","http://gq.com/","gq.com","","","en","United States","","","","5.14","2015-09-14"
"27343","http://grist.org/","Grist","USA","US-WA","en","United States","digital_native","","","2.9","2012-09-24"
"623382","http://www.theguardian.com/us","Guardian","USA","","en","none","print_native","","","87.28","2015-11-09"
"1751","https://www.theguardian.com/us","Guardian US","GBR","","en","none","","","","235.03","2011-01-03"
"1113","http://www.harpers.org/","Harper's Magazine","USA","","en","United States","print_native","","","0.36","2012-03-26"
"59","http://www.courant.com/","Hartford Courant ","USA","US-CT","en","United States","print_native","","","7.43","2011-01-03"
"18496","http://www.hollywoodreporter.com","Hollywood Reporter","USA","","en","United States","print_native","","","0.0","2014-02-24"
"24621","http://hollywoodlife.com","hollywoodlife.com","","","en","United States","","","","37.2","2014-07-28"
"413473","http://hollywoodweeklymagazine.com/","hollywoodweekly","USA","","","","print_native","","","0.02","2015-11-09"
"39573","http://www.staradvertiser.com/","HonululuAdvertiser","USA","US-HI","en","United States","print_native","","","51.31","2013-03-11"
"117","http://hotair.com","Hot Air  ","USA","","en","United States","digital_native","","","16.36","2011-10-17"
"10","http://www.chron.com/","houstonchronicle","USA","US-TX","en","United States","print_native","","","51.43","2015-04-20"
"104826","http://www.chicagotribune.com/hoy/","Hoy Chicago","USA","US-IL","es","United States","print_native","","","111.54","2016-01-11"
"623375","http://www.huffingtonpost.com/?country=US","Huffington Post - United States","USA","","en","United States","digital_native","","","57.84","2014-05-12"
"623373","http://www.huffingtonpost.com/black-voices/","Huffington Post Black Voices","USA","","en","United States","digital_native","","","6.62","2017-10-16"
"27502","http://www.huffingtonpost.com/#","HuffPost","USA","","en","United States","","","","66.46","2012-09-17"
"96720","http://voces.huffingtonpost.com/#spider","HuffPost Latino Voices","USA","","en","United States","digital_native","","","52.97","2016-02-29"
"41550","http://www.ibtimes.com/","IBTimes","USA","","en","United States","digital_native","","","161.26","2013-03-18"
"67289","http://www.ign.com/#spider","ign.com","","","en","none","","","","46.27","2014-06-16"
"256837","http://ihavenet.com/","ihavenet.com","USA","","en","United States","digital_native","","","0.61","2012-01-23"
"366952","http://www.indiancountrynews.com/","Indian Country News","USA","","en","United States","print_native","","","0.01","2013-06-17"
"244743","http://indiancountrytoday.com/","Indian Country Today","USA","","en","United States","print_native","","","7.77","2016-08-15"
"26992","https://www.indiewire.com/","Indiewire","USA","US-NY","en","United States","digital_native","","","12.7","2016-02-22"
"26924","http://www.inquisitr.com","Inquisitr","USA","","en","United States","digital_native","","","139.87","2014-12-22"
"269138","https://theintercept.com/","Intercept","USA","","en","United States","digital_native","","","4.28","2015-06-22"
"27011","http://www.investors.com","Investors","USA","US-CA","en","United States","print_native","","","0.63","2012-04-30"
"6154","http://jezebel.com","Jezebel","USA","","en","United States","digital_native","","","16.38","2011-10-03"
"30","http://www.kansascity.com/","Kansas City Star","USA","US-MO","en","United States","print_native","","","0.1","2011-01-03"
"22383","http://wire.kapitall.com","Kapitall Wire","USA","","en","United States","digital_native","","","0.0","2016-08-15"
"6","http://www.latimes.com/","LA Times","USA","US-CA","en","United States","print_native","","","81.4","2014-05-05"
"390346","http://feeds.denverpost.com/dp-news-breaking","Latest news, sports, weather from Denver and Colorado | The Denver Post","","","en","none","","","","32.52","2017-05-01"
"300354","http://www.lexisnexis.com/news/","LexisNexisÂ® Legal Newsroom","USA","","en","United States","digital_native","","","4.13","2013-07-29"
"20410","http://www.livescience.com","livescience.com","USA","US-NY","en","United States","digital_native","","","5.38","2013-05-27"
"79587","http://www.marinetimes.com/#spider","marinetimes.com","USA","","en","United States","print_native","","","14.27","2017-08-07"
"35170","https://www.marketwatch.com/","Marketwatch","USA","","en","United States","digital_native","","","77.47","2018-03-19"
"5527","http://mashable.com","Mashable!","USA","","en","United States","digital_native","","","31.92","2012-09-17"
"19466","http://www.maxpreps.com","maxpreps.com","","","en","United States","","","","0.12","2019-09-23"
"76546","http://media.oregonlive.com/#spider","media.oregonlive.com","USA","US-OR","en","","print_native","","","0.0","2019-01-14"
"28","http://www.miamiherald.com/","Miami Herald","USA","US-FL","en","United States","print_native","","","6.34","2011-01-03"
"109076","http://mic.com/","Mic","USA","","en","United States","digital_native","","","11.29","2015-03-30"
"36","http://www.jsonline.com/","Milwaukee Journal Sentinel ","USA","US-WI","en","United States","print_native","","","45.3","2015-02-09"
"107659","http://mintpressnews.com/","MintPress News","USA","","en","United States","digital_native","","","2.31","2013-07-08"
"65422","http://mlive.com/","mlive.com","USA","US-MI","en","United States","digital_native","","","8.94","2013-04-29"
"19317","https://news.mongabay.com/","Mongabay","USA","","en","none","digital_native","","","4.24","2012-07-23"
"38987","http://www.monstersandcritics.com/","monstersandcritics","USA","","en","United States","digital_native","","","21.61","2017-04-03"
"1112","http://www.motherjones.com/","Mother Jones","USA","","en","United States","print_native","","","12.31","2013-07-08"
"22540","http://www.mysanantonio.com","mysanantonio.com","","","","","","","","1.71","2015-07-20"
"23290","http://www.ncregister.com","National Catholic Register","USA","","en","United States","print_native","","","10.23","2013-05-27"
"25363","http://www.nationalmemo.com","National Memo","USA","","en","United States","digital_native","","","8.63","2013-07-22"
"1117","http://www.nationalreview.com/","National Review","USA","","en","United States","print_native","","","20.39","2012-04-30"
"367446","http://nationalenquirer.com/","nationalenquirer.com","USA","","en","United States","print_native","","","0.12","2016-11-28"
"70638","http://www.navytimes.com/#spider","NavyTimes","USA","","en","United States","print_native","","","14.46","2017-07-24"
"34663","http://www.breakingnews.com#spider","NBC Breaking News","USA","","en","United States","digital_native","","","46.09","2016-08-15"
"24745","http://www.nbcsports.com/","NBC Sports","USA","","en","United States","video_broadcast","","","3.78","2016-05-16"
"33885","http://ncronline.org#spider","ncronline.org","USA","","en","United States","print_native","","","8.77","2014-11-03"
"7","http://www.nypost.com/","New York Post","USA","US-NY","en","United States","print_native","","","224.69","2011-01-17"
"1","http://nytimes.com","New York Times","USA","US-NY","en","United States","print_native","","","168.3","2012-06-11"
"1101","http://www.newyorker.com/","New Yorker","USA","","en","United States","print_native","","","17.41","2015-01-26"
"61224","http://newsblaze.com/","newsblaze.com","USA","","en","United States","digital_native","","","1.06","2013-05-06"
"1125","http://newsbusters.org","NewsBusters","USA","","en","United States","digital_native","","","0.51","2013-07-22"
"13","http://www.newsday.com/","Newsday","USA","US-NY","en","United States","print_native","","","76.1","2015-08-03"
"25349","http://www.newsmax.com","Newsmax","USA","","en","United States","digital_native","","","103.56","2013-06-24"
"24661","http://newsone.com","newsone.com","USA","US-NY","en","United States","digital_native","","","4.31","2015-04-27"
"56510","http://newsweek.com/","Newsweek","USA","","en","none","digital_native","","","27.32","2014-03-03"
"1098","http://www.newsweek.com/","Newsweek ","","","en","none","","","","26.5","2014-11-17"
"85364","http://www.newsy.com/#spider","newsy","USA","","en","United States","digital_native","","","17.69","2013-05-27"
"20120","http://www.nj.com","nj.com","USA","US-NJ","en","United States","digital_native","","","6.73","2013-09-02"
"1096","http://www.npr.org/","NPR","USA","","en","United States","video_broadcast","","","62.7","2011-03-28"
"127733","http://oann.com/","Oan","USA","US-CA","en","none","digital_native","","","137.74","2016-08-22"
"21091","http://www.observer.com","observer.com","USA","","en","United States","digital_native","","","7.49","2013-06-24"
"54","http://www.omaha.com/","Omaha World-Herald ","USA","US-NE","en","United States","print_native","","","2.14","2014-11-03"
"26363","http://www.opednews.com","opednews.com","USA","","en","United States","digital_native","","","17.33","2013-06-03"
"18393","http://www.opensecrets.org","OpenSecrets","USA","US-DC","en","United States","digital_native","","","1.71","2012-01-09"
"24652","http://www.opposingviews.com","opposingviews.com","USA","","en","United States","digital_native","","","1.81","2013-06-03"
"25","http://www.ocregister.com/","Orange County Register","USA","US-CA","en","United States","print_native","","","51.52","2011-01-03"
"38","http://www.orlandosentinel.com/","Orlando Sentinel","USA","US-FL","en","United States","print_native","","","54.74","2011-01-03"
"33514","http://www.parade.com#spider","Parade","USA","","en","United States","print_native","","","11.67","2018-07-16"
"25626","http://patriotpost.us","patriot post","USA","","en","United States","digital_native","","","8.72","2016-08-15"
"271188","http://www.pbs.org/newshour/","PBS NewsHour","USA","","en","United States","video_broadcast","","","28.97","2015-11-09"
"300472","http://www.people.com/people/","PEOPLE.com","USA","","en","United States","print_native","","","0.0","2016-07-25"
"79209","http://pilotonline.com/#spider","pilotonline.com","USA","US-VA","en","United States","print_native","","","1.8","2013-05-27"
"20815","http://www.pitchfork.com","pitchfork.com","USA","","en","United States","digital_native","","","16.29","2013-06-03"
"45","http://www.post-gazette.com/","Pittsburgh Post-Gazette ","USA","US-PA","en","United States","print_native","","","44.36","2011-01-03"
"19082","http://pjmedia.com","PJ Media","USA","","en","United States","digital_native","","","22.02","2012-04-30"
"300477","http://www.polamjournal.com/","Polish American Journal","USA","","en","United States","print_native","","","0.0","2016-10-10"
"18268","https://www.politico.com/","Politico","USA","","en","United States","print_native","","","43.61","2015-08-31"
"69395","http://www.polygon.com/#spider","polygon.com","","","en","United States","","","","11.8","2015-09-14"
"80430","http://www.popmatters.com/#spider","popmatters","USA","","en","United States","digital_native","","","5.84","2013-09-09"
"20639","http://www.propublica.org","ProPublica","USA","US-NY","en","United States","digital_native","","","4.13","2013-06-10"
"67264","http://qz.com/#spider","Quartz","USA","","en","United States","digital_native","","","9.94","2016-02-29"
"24747","http://www.radaronline.com","radaronline.com","USA","","en","United States","print_native","","","0.06","2016-08-15"
"1127","http://rawstory.com","Raw Story","USA","","en","United States","digital_native","","","83.86","2013-06-10"
"103906","http://recode.net","Re/code","USA","","en","United States","digital_native","","","11.61","2015-02-09"
"1040","http://realclearpolitics.com/","RealClearPolitics","USA","","en","United States","digital_native","","","51.66","2014-05-26"
"72523","http://reason.com/","Reason.com","USA","","en","United States","print_native","","","16.96","2013-06-03"
"143374","http://redherring.com/","Red Herring","USA","","en","United States","print_native","","","0.34","2013-05-13"
"128","http://www.redstate.com","RedState","USA","","en","United States","digital_native","","","30.61","2012-04-30"
"104698","http://www.refinery29.com","Refinery29","","","en","United States","","","","12.7","2014-05-26"
"4442","http://www.reuters.com","Reuters","USA","US-PA","en","none","other","","","73.24","2013-06-03"
"1089","http://www.reuters.com/","Reuters ","USA","","en","none","other","","","0.14","2011-04-11"
"19854","http://www.rollcall.com","Roll Call","USA","","en","United States","print_native","","","8.32","2013-06-10"
"5521","http://www.rollingstone.com","Rolling Stone","USA","","en","United States","print_native","","","26.99","2013-04-29"
"29827","http://www.rttnews.com#spider","rttnews","USA","","en","none","digital_native","","","53.2","2016-08-08"
"26","http://www.sacbee.com/","Sac Bee","USA","US-CA","en","United States","print_native","","","0.22","2011-01-03"
"1757","http://www.salon.com/","Salon","USA","","en","United States","digital_native","","","22.46","2013-06-03"
"268225","http://sandiegouniontribune.com/","San Diego Union Tribune","USA","US-CA","en","United States","print_native","","","14.58","2016-09-26"
"35","http://www.mercurynews.com/","San Jose Mercury News","USA","US-CA","en","United States","print_native","","","85.28","2011-01-03"
"91776","http://www.saturdayeveningpost.com/#spider","Saturday Evening Post","USA","","en","United States","print_native","","","2.01","2016-08-01"
"67737","http://www.sbnation.com/#spider","SB Nation","USA","","en","United States","digital_native","","","6.8","2013-06-10"
"300516","http://www.schwartzreport.net/","Schwartzreport","USA","","en","United States","digital_native","","","3.73","2014-10-27"
"38941","http://www.scientificamerican.com/","Scientific American","USA","","en","United States","print_native","","","5.72","2013-05-27"
"278480","http://scout.com/","Scout","USA","","en","United States","digital_native","","","0.0","2016-08-15"
"24940","http://seattletimes.com","Seattle Times","USA","US-WA","en","United States","print_native","","","215.1","2016-01-04"
"14","http://www.sfgate.com/","SF Chronicle","USA","US-CA","en","United States","digital_native","","","300.17","2012-12-17"
"19643","http://www.slate.com","Slate.com","USA","","en","United States","digital_native","","","18.21","2014-07-21"
"39","http://www.sun-sentinel.com/","South Florida Sun-Sentinel","USA","US-FL","en","United States","print_native","","","58.39","2011-01-03"
"25170","http://www.stltoday.com","St. Louis Post-Dispatch","","","en","United States","","","","1.69","2014-08-11"
"52","http://www.twincities.com/","St.Paul Pioneer-Press ","USA","US-MN","en","United States","print_native","","","31.66","2011-01-03"
"21270","http://www.stripes.com","Stars and Stripes","USA","","en","United States","print_native","","","43.96","2016-12-12"
"28467","http://www.pewstates.org/projects/stateline","Stateline - News about state government and politics from The Pew Center on the States","USA","","en","United States","digital_native","","","1.58","2013-03-11"
"359084","http://www.msnbc.com/#superglue","Superglue: MSNBC","USA","","en","United States","video_broadcast","","","35.59","2013-10-14"
"54435","https://www.syracuse.com/","Syracuse.com","USA","US-NY","en","United States","print_native","","","0.0","2018-06-25"
"140","http://politicalwire.com","Taegan Goddard's Political Wire","USA","","en","United States","digital_native","","","32.78","2011-02-28"
"285572","http://talkmedianews.com/","Talk Media News","USA","","en","United States","digital_native","","","0.11","2016-01-04"
"113","http://www.talkingpointsmemo.com","Talking Points Memo","USA","","en","United States","digital_native","","","17.17","2012-03-19"
"105196","http://talkingnewmedia.com/#spider","talkingnewmedia.com","USA","","en","United States","digital_native","","","0.0","2016-08-15"
"22","http://www.tampabay.com/","Tampa Bay Times","USA","US-FL","en","United States","print_native","","","29.68","2011-01-03"
"4438","http://techcrunch.com","TechCrunch","USA","","en","United States","","","","30.24","2011-04-11"
"22116","http://www.techradar.com","techradar.com","GBR","","en","none","","","","55.19","2016-07-11"
"15","https://www.bostonglobe.com/","The Boston Globe","USA","US-MA","en","United States","","","","47.91","2011-01-03"
"57","http://www.buffalonews.com/","The Buffalo News ","USA","US-NY","en","United States","print_native","","","0.87","2011-01-03"
"27512","http://www.ibabuzz.com/insider/","The Insider -","","","en","United States","","","","80.39","2017-08-28"
"1115","http://www.thenation.com/","The Nation ","USA","","en","United States","print_native","","","8.62","2013-02-04"
"401","http://www.tnr.com/","The New Replublic","USA","","en","United States","print_native","","","4.99","2011-03-14"
"5618","http://www.theonion.com/","The Onion","USA","","en","United States","print_native","","","8.86","2011-01-03"
"111877","http://thepostgame.com/","The PostGame","USA","","en","United States","digital_native","","","0.29","2014-06-09"
"21619","http://www.thestreet.com","The Street","USA","","en","United States","digital_native","","","485.48","2020-03-09"
"21542","http://theweek.com","The Week","USA","","en","United States","print_native","","","33.24","2013-05-27"
"18704","http://www.thewrap.com","The Wrap","USA","","en","United States","digital_native","","","33.2","2016-08-15"
"31137","http://therealnews.com#spider","TheRealNews.com","USA","","en","United States","digital_native","","","2.12","2013-09-23"
"368082","http://theroot.com/","theroot.com","USA","","en","United States","digital_native","","","19.18","2017-05-01"
"140484","http://thrillist.com/","thrillist.com","","","en","United States","","","","11.01","2012-04-30"
"4419","http://time.com","Time","USA","","en","United States","","","","24.96","2011-05-02"
"40362","http://www.time.com/time/","time","USA","","en","United States","print_native","","","0.0","2013-09-09"
"56051","http://tmz.com/","TMZ","USA","","en","United States","digital_native","","","27.69","2013-05-06"
"19763","http://townhall.com","townhall.com","USA","","en","United States","digital_native","","","17.82","2018-03-19"
"22332","http://www.truth-out.org","Truthout","USA","","en","United States","digital_native","","","7.49","2014-06-23"
"57166","http://univision.com/","univision.com","USA","US-AZ","es","none","video_broadcast","","","0.0","2013-06-03"
"1706","http://www.upi.com/","UPI","USA","","en","United States","other","","","70.66","2011-01-03"
"68816","http://www.uproxx.com/#spider","uproxx.com","","","en","United States","","","","46.26","2015-09-14"
"26357","http://www.upworthy.com","Upworthy","USA","","en","United States","digital_native","","","6.93","2014-12-15"
"1100","http://www.usnews.com/","US News & World Report ","USA","","en","United States","print_native","","","0.13","2016-01-11"
"24757","http://www.usmagazine.com","US Weekly","USA","","en","United States","print_native","","","38.08","2013-04-29"
"4","http://www.usatoday.com","USA Today","USA","US-OH","en","United States","print_native","","","167.43","2013-06-03"
"20982","http://www.vanityfair.com","Vanity Fair","USA","","en","United States","print_native","","","17.4","2015-04-13"
"19076","http://www.variety.com","variety.com","USA","","en","United States","print_native","","","56.64","2014-02-24"
"107634","http://theverge.com/","Verge","USA","","en","United States","","","","26.8","2015-03-30"
"300613","http://www.vice.com/en_us","VICE","USA","","en","United States","digital_native","","","23.64","2013-06-10"
"104828","http://www.vox.com","Vox","USA","","en","United States","digital_native","","","13.02","2014-08-04"
"1150","https://www.wsj.com/","Wall Street Journal","USA","US-NY","en","United States","print_native","1st paragraph of each story only","","135.53","2011-01-03"
"2","http://washingtonpost.com","Washington Post","USA","US-DC","en","United States","print_native","","","222.46","2013-06-10"
"18658","http://www.weeklystandard.com","Weekly Standard","USA","","en","United States","print_native","","","0.0","2015-05-18"
"39849","http://www.wired.com/","wired","USA","","en","United States","print_native","","","9.22","2013-03-18"
"86512","http://www.x17online.com/#spider","x17online.com","USA","","en","United States","digital_native","","","1.77","2016-08-15"
"32406","http://yaleglobal.yale.edu#spider","Yale Global","USA","","en","none","digital_native","","","0.0","2014-07-07"
"86839","http://www.yardbarker.com/#spider","yardbarker","USA","","en","United States","digital_native","","","337.22","2016-08-15"
"39330","http://news.zdnet.com/","zdnet","USA","","en","none","digital_native","","","24.39","2013-05-20"
